,Noise Param,Error Qz1
0,0.0001,0.0006495109182785363
1,0.001,0.007580064430547659
