,Noise Param,Error Qz1
0,0.0001,0.00028335916624398923
1,0.001,0.0028064660978895377
