,Noise Param,Error Qx
0,9.999999999999999e-05,0.0005
1,0.00031622776601683794,0.0024
2,0.001,0.0048
3,0.0031622776601683794,0.0178
4,0.01,0.0549
5,0.03162277660168379,0.1593
6,0.09999999999999999,0.367
7,0.31622776601683794,0.4941
8,1.0,0.4999
