,Noise Param,Error Qx
0,9.999999999999999e-05,0.0008
1,0.00031622776601683794,0.0026
2,0.001,0.0089
3,0.0031622776601683794,0.0286
4,0.01,0.0846
5,0.03162277660168379,0.2191
6,0.09999999999999999,0.4184
7,0.31622776601683794,0.495
8,1.0,0.4988
